40924371,/oblavion/lavin-hakiki-deri-bebe-mavi-tasli-sandalet-p-40924371?boutiqueId=517302&merchantId=112495
42883807,/oblavion/kadin-kiremit-emprime-desenli-kimono-p-42883807?boutiqueId=517302&merchantId=112495
40923951,/oblavion/kadin-lavin-hakiki-deri-siyah-tasli-sandalet-p-40923951?boutiqueId=517302&merchantId=112495
40271611,/oblavion/maya-kadin-babet-hardal-p-40271611?boutiqueId=517302&merchantId=112495
41170367,/oblavion/lavin-hakiki-deri-gri-tasli-sandalet-p-41170367?boutiqueId=517302&merchantId=112495
40429155,/oblavion/camel-hasir-canta-1051-p-40429155?boutiqueId=517302&merchantId=112495
40924577,/oblavion/lavin-hakiki-deri-beyaz-tasli-sandalet-p-40924577?boutiqueId=517302&merchantId=112495
40313679,/oblavion/enjoy-bej-hasirli-sandalet-p-40313679?boutiqueId=517302&merchantId=112495
40924340,/oblavion/lavin-hakiki-deri-kirmizi-tasli-sandalet-p-40924340?boutiqueId=517302&merchantId=112495
40271659,/oblavion/maya-kadin-babet-pembe-p-40271659?boutiqueId=517302&merchantId=112495
40273307,/oblavion/kadin-maya-kirmizi-babet-p-40273307?boutiqueId=517302&merchantId=112495
41136488,/oblavion/lavin-hakiki-deri-gold-tasli-sandalet-p-41136488?boutiqueId=517302&merchantId=112495
42931783,/oblavion/kadin-kahverengi-galia-hakiki-deri-dolgu-topuklu-ayakkabi-p-42931783?boutiqueId=517302&merchantId=112495
42513065,/oblavion/rio-fusya-gumus-tasli-sandalet-p-42513065?boutiqueId=517302&merchantId=112495
40429199,/oblavion/camel-hasir-canta-1039-p-40429199?boutiqueId=517302&merchantId=112495
40429207,/oblavion/camel-hasir-canta-1053-p-40429207?boutiqueId=517302&merchantId=112495
40450568,/oblavion/camel-hasir-canta-1055-p-40450568?boutiqueId=517302&merchantId=112495
40429211,/oblavion/bej-hasir-canta-1062-p-40429211?boutiqueId=517302&merchantId=112495
40429201,/oblavion/bej-hasir-canta-1049-p-40429201?boutiqueId=517302&merchantId=112495
43409529,/oblavion/bej-hasir-canta-1053-p-43409529?boutiqueId=517302&merchantId=112495
40450581,/oblavion/bej-hasir-canta-1061-p-40450581?boutiqueId=517302&merchantId=112495
40429242,/oblavion/camel-hasir-canta-1049-p-40429242?boutiqueId=517302&merchantId=112495
42931754,/oblavion/kadin-bej-serena-elbise-p-42931754?boutiqueId=517302&merchantId=112495
40429159,/oblavion/bej-hasir-canta-1051-p-40429159?boutiqueId=517302&merchantId=112495
40313696,/oblavion/enjoy-siyah-hasir-sandalet-p-40313696?boutiqueId=517302&merchantId=112495
40923987,/oblavion/kadin-maya-beyaz-babet-p-40923987?boutiqueId=517302&merchantId=112495
40429085,/oblavion/bej-hasir-canta-1055-p-40429085?boutiqueId=517302&merchantId=112495
40450530,/oblavion/camel-hasir-canta-1069-p-40450530?boutiqueId=517302&merchantId=112495
40429190,/oblavion/camel-hasir-canta-1057-p-40429190?boutiqueId=517302&merchantId=112495
40924335,/oblavion/lavin-hakiki-deri-taba-tasli-sandalet-p-40924335?boutiqueId=517302&merchantId=112495
41713119,/oblavion/mavi-dugme-detayli-kot-elbise-p-41713119?boutiqueId=517302&merchantId=112495
32068382,/oblavion/rio-turuncu-kristal-cam-tas-detayli-kadin-sandalet-p-32068382?boutiqueId=517302&merchantId=112495
39039932,/oblavion/camel-hasir-kadin-canta-1021-p-39039932?boutiqueId=517302&merchantId=112495
40429178,/oblavion/camel-hasir-canta-1062-p-40429178?boutiqueId=517302&merchantId=112495
40429195,/oblavion/camel-hasir-canta-1008-p-40429195?boutiqueId=517302&merchantId=112495
40450546,/oblavion/camel-hasir-canta-1022-p-40450546?boutiqueId=517302&merchantId=112495
41659512,/oblavion/rio-glam-black-kristal-cam-tas-detayli-kadin-sandalet-p-41659512?boutiqueId=517302&merchantId=112495
32068362,/oblavion/rio-mavi-kristal-cam-tas-detayli-kadin-sandalet-p-32068362?boutiqueId=517302&merchantId=112495
40431698,/oblavion/kadin-camel-hasir-canta-1066-p-40431698?boutiqueId=517302&merchantId=112495
40450577,/oblavion/camel-hasir-canta-1060-p-40450577?boutiqueId=517302&merchantId=112495
40211534,/oblavion/rio-aqua-blue-tasli-sandalet-p-40211534?boutiqueId=517302&merchantId=112495
40924530,/oblavion/enjoy-haki-yesil-hasir-sandalet-p-40924530?boutiqueId=517302&merchantId=112495
40429088,/oblavion/camel-hasir-canta-1058-p-40429088?boutiqueId=517302&merchantId=112495
40273329,/oblavion/kadin-siyah-maya-babet-p-40273329?boutiqueId=517302&merchantId=112495
40452777,/oblavion/siyah-hasir-canta-1061-p-40452777?boutiqueId=517302&merchantId=112495
40429183,/oblavion/hasir-bej-canta-1072-p-40429183?boutiqueId=517302&merchantId=112495
43522953,/oblavion/kadin-mavi-yirtmacli-v-yaka-t-shirt-p-43522953?boutiqueId=517302&merchantId=112495
41134075,/oblavion/lenna-nude-kisa-topuk-stiletto-p-41134075?boutiqueId=517302&merchantId=112495
43235331,/oblavion/kadin-krem-emprime-desenli-kimono-takim-p-43235331?boutiqueId=517302&merchantId=112495
41753708,/oblavion/life-gri-triko-sneaker-p-41753708?boutiqueId=517302&merchantId=112495
32068371,/oblavion/rio-nude-prenses-kristal-cam-tas-detayli-kadin-sandalet-p-32068371?boutiqueId=517302&merchantId=112495
40452652,/oblavion/bej-hasir-canta-1050-p-40452652?boutiqueId=517302&merchantId=112495
40431713,/oblavion/kadin-camel-hasir-canta-1074-p-40431713?boutiqueId=517302&merchantId=112495
40450583,/oblavion/camel-hasir-canta-1050-p-40450583?boutiqueId=517302&merchantId=112495
42510686,/oblavion/rio-bordo-tasli-sandalet-p-42510686?boutiqueId=517302&merchantId=112495
42931821,/oblavion/kadin-bej-turuncu-tasli-sandalet-p-42931821?boutiqueId=517302&merchantId=112495
38937663,/oblavion/camel-hasir-kadin-canta-hsr1071-p-38937663?boutiqueId=517302&merchantId=112495
41173159,/oblavion/lavin-hakiki-deri-pudra-tasli-sandalet-p-41173159?boutiqueId=517302&merchantId=112495
40429180,/oblavion/bej-hasir-canta-1008-p-40429180?boutiqueId=517302&merchantId=112495
40211702,/oblavion/dream-haki-loafer-p-40211702?boutiqueId=517302&merchantId=112495
42063060,/oblavion/yesil-cicek-desenli-midi-boy-elbise-p-42063060?boutiqueId=517302&merchantId=112495
38938683,/oblavion/bej-hasir-kadin-canta-1068-p-38938683?boutiqueId=517302&merchantId=112495
40273434,/oblavion/kadin-siyah-barbara-tasli-loafer-ayakkabi-p-40273434?boutiqueId=517302&merchantId=112495
40273322,/oblavion/kadin-babet-maya-nude-p-40273322?boutiqueId=517302&merchantId=112495
40429240,/oblavion/camel-hasir-canta-1064-p-40429240?boutiqueId=517302&merchantId=112495
41659585,/oblavion/life-siyah-triko-sneaker-p-41659585?boutiqueId=517302&merchantId=112495
40768199,/oblavion/kadin-elita-elbise-p-40768199?boutiqueId=517302&merchantId=112495
42931762,/oblavion/kadin-bej-galia-hakiki-deri-dolgu-topuklu-ayakkabi-p-42931762?boutiqueId=517302&merchantId=112495
40924430,/oblavion/carmen-siyah-topuklu-ayakkabi-p-40924430?boutiqueId=517302&merchantId=112495
40429214,/oblavion/siyah-hasir-canta-1051-p-40429214?boutiqueId=517302&merchantId=112495
37221816,/oblavion/indigo-kot-yelek-trenckot-p-37221816?boutiqueId=517302&merchantId=112495
40222560,/oblavion/rio-daystar-tasli-sandalet-p-40222560?boutiqueId=517302&merchantId=112495
41659469,/oblavion/rio-neon-leopar-kristal-cam-tas-detayli-kadin-sandalet-p-41659469?boutiqueId=517302&merchantId=112495
42883756,/oblavion/kadin-haki-emprime-desenli-kimono-takim-p-42883756?boutiqueId=517302&merchantId=112495
43256894,/oblavion/kadin-lila-vatkali-kolsuz-basic-t-shirt-p-43256894?boutiqueId=517302&merchantId=112495
40299933,/oblavion/viola-beyaz-topuklu-terlik-p-40299933?boutiqueId=517302&merchantId=112495
40767904,/oblavion/leopar-sifon-mini-elbise-p-40767904?boutiqueId=517302&merchantId=112495
37221318,/oblavion/kadin-fume-yan-fermuarli-ceket-p-37221318?boutiqueId=517302&merchantId=112495
38929362,/oblavion/camel-hasir-kadin-canta-1068-p-38929362?boutiqueId=517302&merchantId=112495
40404631,/oblavion/queen-puella-kadin-beyaz-hologram-detayli-sneaker-ayakkabi-p-40404631?boutiqueId=517302&merchantId=112495
42365086,/oblavion/lacivert-cizgili-pantolon-etek-p-42365086?boutiqueId=517302&merchantId=112495
42463397,/oblavion/kadin-lacivert-cizgili-pantolon-etek-p-42463397?boutiqueId=517302&merchantId=112495
40271540,/oblavion/kadin-dream-babet-beyaz-p-40271540?boutiqueId=517302&merchantId=112495
40211804,/oblavion/gia-bej-oxford-ayakkabi-p-40211804?boutiqueId=517302&merchantId=112495
32068319,/oblavion/tokyo-neon-yesil-kadin-sneaker-p-32068319?boutiqueId=517302&merchantId=112495
38922423,/oblavion/siyah-hasir-kadin-canta-hsr1071-p-38922423?boutiqueId=517302&merchantId=112495
40429233,/oblavion/camel-hasir-canta-1056-p-40429233?boutiqueId=517302&merchantId=112495
40429187,/oblavion/bej-hasir-canta-1012-p-40429187?boutiqueId=517302&merchantId=112495
38960983,/oblavion/pembe-hasir-kadin-canta-1068-p-38960983?boutiqueId=517302&merchantId=112495
40429192,/oblavion/camel-hasir-canta-1023-p-40429192?boutiqueId=517302&merchantId=112495
40924388,/oblavion/lavin-hakiki-deri-fusya-pembe-tasli-sandalet-p-40924388?boutiqueId=517302&merchantId=112495
40429230,/oblavion/siyah-hasir-canta-1050-p-40429230?boutiqueId=517302&merchantId=112495
40272871,/oblavion/kadin-topuklu-sandalet-dora-siyah-p-40272871?boutiqueId=517302&merchantId=112495
41665527,/oblavion/triana-nude-topuklu-ayakkabi-p-41665527?boutiqueId=517302&merchantId=112495
40429191,/oblavion/bej-hasir-canta-1015-p-40429191?boutiqueId=517302&merchantId=112495
40211542,/oblavion/rio-pinky-tasli-sandalet-p-40211542?boutiqueId=517302&merchantId=112495
41749504,/oblavion/life-lila-triko-sneaker-p-41749504?boutiqueId=517302&merchantId=112495
32068392,/oblavion/rio-kirmizi-kristal-cam-tasli-kadin-sandalet-p-32068392?boutiqueId=517302&merchantId=112495
42365065,/oblavion/lacivert-cizgili-pantolon-etek-p-42365065?boutiqueId=517302&merchantId=112495
40273367,/oblavion/kadin-taba-dream-loafer-ayakkabi-p-40273367?boutiqueId=517302&merchantId=112495
42408231,/oblavion/kadin-bej-loafer-p-42408231?boutiqueId=517302&merchantId=112495
42463409,/oblavion/kadin-lacivert-cizgili-pantolon-etek-p-42463409?boutiqueId=517302&merchantId=112495
42261652,/oblavion/bej-mavi-kat-kat-sifon-elbise-p-42261652?boutiqueId=517302&merchantId=112495
41661285,/oblavion/life-pembe-triko-sneaker-p-41661285?boutiqueId=517302&merchantId=112495
40473972,/oblavion/kadin-haki-etek-buzgulu-gomlek-elbise-p-40473972?boutiqueId=517302&merchantId=112495
42347030,/oblavion/life-nude-triko-sneaker-p-42347030?boutiqueId=517302&merchantId=112495
40211537,/oblavion/rio-green-tasli-sandalet-p-40211537?boutiqueId=517302&merchantId=112495
40429140,/oblavion/camel-hasir-canta-1067-p-40429140?boutiqueId=517302&merchantId=112495
41665528,/oblavion/life-beyaz-triko-sneaker-p-41665528?boutiqueId=517302&merchantId=112495
32874745,/oblavion/grace-beyaz-kadin-sneaker-p-32874745?boutiqueId=517302&merchantId=112495
42931797,/oblavion/kadin-siyah-askili-citir-desen-firfirli-maksi-elbise-p-42931797?boutiqueId=517302&merchantId=112495
42406106,/oblavion/mavi-madonna-yaka-desenli-mini-elbise-p-42406106?boutiqueId=517302&merchantId=112495
40924048,/oblavion/kadin-haki-askili-maksi-elbise-p-40924048?boutiqueId=517302&merchantId=112495
40473956,/oblavion/fusya-hakim-yaka-dugmeli-elbise-p-40473956?boutiqueId=517302&merchantId=112495
41660396,/oblavion/pembe-yesil-desenli-anvelop-elbise-p-41660396?boutiqueId=517302&merchantId=112495
32068252,/oblavion/ella-kristal-cam-tasli-hasir-kadin-sandalet-p-32068252?boutiqueId=517302&merchantId=112495
40450637,/oblavion/renkli-hasir-canta-1054-p-40450637?boutiqueId=517302&merchantId=112495
40273514,/oblavion/kadin-pembe-dream-loafer-ayakkabi-p-40273514?boutiqueId=517302&merchantId=112495
33870165,/oblavion/tina-tarcin-suet-bootie-p-33870165?boutiqueId=517302&merchantId=112495
40273454,/oblavion/kadin-beyaz-barbara-tasli-loafer-ayakkabi-p-40273454?boutiqueId=517302&merchantId=112495
32068383,/oblavion/rio-neon-sari-kristal-cam-tas-detayli-kadin-sandalet-p-32068383?boutiqueId=517302&merchantId=112495
38938586,/oblavion/bej-hasir-kadin-canta-hsr1071-p-38938586?boutiqueId=517302&merchantId=112495
40429185,/oblavion/bej-hasir-canta-1066-p-40429185?boutiqueId=517302&merchantId=112495
40429158,/oblavion/bej-hasir-canta-1074-p-40429158?boutiqueId=517302&merchantId=112495
40429218,/oblavion/siyah-hasir-canta-1064-p-40429218?boutiqueId=517302&merchantId=112495
42913497,/oblavion/kadin-tunik-siyah-gomlek-p-42913497?boutiqueId=517302&merchantId=112495
37238287,/oblavion/kadin-taba-suet-fermuarli-yelek-p-37238287?boutiqueId=517302&merchantId=112495
40429202,/oblavion/renkli-hasir-canta-1076-p-40429202?boutiqueId=517302&merchantId=112495
40478240,/oblavion/kahve-hasir-canta-1039-p-40478240?boutiqueId=517302&merchantId=112495
40450556,/oblavion/bej-hasir-canta-1039-p-40450556?boutiqueId=517302&merchantId=112495
40429099,/oblavion/bej-hasir-canta-1069-p-40429099?boutiqueId=517302&merchantId=112495
40313686,/oblavion/kirmizi-fermuar-detayli-kadin-canta-1010-p-40313686?boutiqueId=517302&merchantId=112495
40924494,/oblavion/maya-somon-babet-p-40924494?boutiqueId=517302&merchantId=112495
40313688,/oblavion/kadin-rio-star-tasli-sandalet-p-40313688?boutiqueId=517302&merchantId=112495
40272837,/oblavion/kadin-topuklu-sandalet-dora-hardal-p-40272837?boutiqueId=517302&merchantId=112495
40450525,/oblavion/camel-hasir-canta-1073-p-40450525?boutiqueId=517302&merchantId=112495
40273354,/oblavion/kadin-bebe-mavisi-maya-babet-p-40273354?boutiqueId=517302&merchantId=112495
40429209,/oblavion/bej-hasir-canta-1073-p-40429209?boutiqueId=517302&merchantId=112495
40313671,/oblavion/rio-orby-tasli-sandalet-p-40313671?boutiqueId=517302&merchantId=112495
38933287,/oblavion/kirmizi-suni-deri-kadin-kol-canta-1001-p-38933287?boutiqueId=517302&merchantId=112495
38929487,/oblavion/kadin-bordo-kroko-desenli-zincirli-canta-1009-p-38929487?boutiqueId=517302&merchantId=112495
38924603,/oblavion/kahverengi-ekose-desenli-canta-cnt1013-p-38924603?boutiqueId=517302&merchantId=112495
38924211,/oblavion/bordo-suni-deri-kadin-kol-canta-1001-p-38924211?boutiqueId=517302&merchantId=112495
38922019,/oblavion/kirmizi-kadin-canta-1003-p-38922019?boutiqueId=517302&merchantId=112495
42063071,/oblavion/beyaz-madonna-yaka-fistolu-mini-elbise-p-42063071?boutiqueId=517302&merchantId=112495
40429188,/oblavion/bej-hasir-canta-1064-p-40429188?boutiqueId=517302&merchantId=112495
38929334,/oblavion/kadin-mavi-hasir-canta-1015-p-38929334?boutiqueId=517302&merchantId=112495
40273232,/oblavion/kadin-eva-platin-babet-p-40273232?boutiqueId=517302&merchantId=112495
40429091,/oblavion/camel-hasir-canta-1077-p-40429091?boutiqueId=517302&merchantId=112495
38923991,/oblavion/beyaz-kroko-desenli-zincirli-kadin-canta-1009-p-38923991?boutiqueId=517302&merchantId=112495
38937981,/oblavion/pembe-hasir-kadin-canta-1015-p-38937981?boutiqueId=517302&merchantId=112495
41250732,/oblavion/life-bebe-mavi-triko-sneaker-p-41250732?boutiqueId=517302&merchantId=112495
40429176,/oblavion/bej-hasir-canta-1058-p-40429176?boutiqueId=517302&merchantId=112495
40429231,/oblavion/kahve-hasir-canta-1074-p-40429231?boutiqueId=517302&merchantId=112495
40211746,/oblavion/maya-mint-yesil-kadin-babet-p-40211746?boutiqueId=517302&merchantId=112495
40450538,/oblavion/siyah-hasir-canta-1065-p-40450538?boutiqueId=517302&merchantId=112495
40450550,/oblavion/bej-hasir-canta-1056-p-40450550?boutiqueId=517302&merchantId=112495
40255512,/oblavion/kadin-beyaz-crunch-pure-sneaker-ayakkabi-p-40255512?boutiqueId=517302&merchantId=112495
40429206,/oblavion/siyah-hasir-canta-1066-p-40429206?boutiqueId=517302&merchantId=112495
40212220,/oblavion/gabriela-mavi-topuklu-ayakkabi-p-40212220?boutiqueId=517302&merchantId=112495
40924063,/oblavion/kadin-kahve-anvelop-emprime-desen-mini-elbise-p-40924063?boutiqueId=517302&merchantId=112495
37221142,/oblavion/kadin-hakim-yaka-turuncu-spor-ceket-p-37221142?boutiqueId=517302&merchantId=112495
40255346,/oblavion/triana-indigo-mavi-topuklu-ayakkabi-p-40255346?boutiqueId=517302&merchantId=112495
38839624,/oblavion/fume-fermuarli-ceket-p-38839624?boutiqueId=517302&merchantId=112495
40255296,/oblavion/triana-siyah-mavi-topuklu-ayakkabi-p-40255296?boutiqueId=517302&merchantId=112495
40768156,/oblavion/kadin-madonna-yaka-fusya-cizgili-elbise-p-40768156?boutiqueId=517302&merchantId=112495
43276317,/oblavion/kadin-pembe-askili-piliseli-elbise-p-43276317?boutiqueId=517302&merchantId=112495
40255929,/oblavion/viola-siyah-topuklu-terlik-p-40255929?boutiqueId=517302&merchantId=112495
32068349,/oblavion/grace-pudra-kadin-sneaker-p-32068349?boutiqueId=517302&merchantId=112495
40313669,/oblavion/triana-mint-yesil-topuklu-ayakkabi-p-40313669?boutiqueId=517302&merchantId=112495
37221057,/oblavion/pudra-garnili-kapusonlu-spor-ceket-p-37221057?boutiqueId=517302&merchantId=112495
38938217,/oblavion/siyah-hasir-kadin-canta-1015-p-38938217?boutiqueId=517302&merchantId=112495
38923817,/oblavion/beyaz-suni-deri-kadin-kol-canta-1001-p-38923817?boutiqueId=517302&merchantId=112495
40429212,/oblavion/camel-hasir-canta-1052-p-40429212?boutiqueId=517302&merchantId=112495
38839603,/oblavion/kadin-fume-garnili-kapusonlu-spor-ceket-p-38839603?boutiqueId=517302&merchantId=112495
40212444,/oblavion/petra-indigo-mavi-topuklu-ayakkabi-p-40212444?boutiqueId=517302&merchantId=112495
32068345,/oblavion/grace-siyah-kadin-sneaker-p-32068345?boutiqueId=517302&merchantId=112495
40313687,/oblavion/honor-black-heeled-sandal-p-40313687?boutiqueId=517302&merchantId=112495
40273468,/oblavion/kadin-kirmizi-barbara-tasli-loafer-ayakkabi-p-40273468?boutiqueId=517302&merchantId=112495
40450516,/oblavion/bej-hasir-canta-1077-p-40450516?boutiqueId=517302&merchantId=112495
40264437,/oblavion/amber-yesil-kadin-topuklu-ayakkabi-p-40264437?boutiqueId=517302&merchantId=112495
38924291,/oblavion/kadin-ahsap-sapli-bebe-mavi-mini-kol-canta-1002-p-38924291?boutiqueId=517302&merchantId=112495
41659584,/oblavion/life-mor-triko-sneaker-p-41659584?boutiqueId=517302&merchantId=112495
40211550,/oblavion/rio-sunny-tasli-sandalet-p-40211550?boutiqueId=517302&merchantId=112495
41660401,/oblavion/bej-indigo-emprime-desen-kolsuz-elbise-p-41660401?boutiqueId=517302&merchantId=112495
43353300,/oblavion/kadin-siyah-elbise-p-43353300?boutiqueId=517302&merchantId=112495
40473798,/oblavion/kadin-madonna-yaka-haki-elbise-p-40473798?boutiqueId=517302&merchantId=112495
38921796,/oblavion/renkli-cicek-desenli-kadin-canta-1008-p-38921796?boutiqueId=517302&merchantId=112495
41026843,/oblavion/kiremit-desenli-iki-parcali-elbise-p-41026843?boutiqueId=517302&merchantId=112495
41661291,/oblavion/life-sari-triko-sneaker-p-41661291?boutiqueId=517302&merchantId=112495
33872246,/oblavion/hope-siyah-kadin-postal-p-33872246?boutiqueId=517302&merchantId=112495
40924511,/oblavion/maya-sari-babet-p-40924511?boutiqueId=517302&merchantId=112495
40255860,/oblavion/kadin-beyaz-sneaker-ayakkabi-p-40255860?boutiqueId=517302&merchantId=112495
32068331,/oblavion/crunch-pudra-kadin-sneaker-p-32068331?boutiqueId=517302&merchantId=112495
40473778,/oblavion/kadin-siyah-midi-boy-elbise-cizgili-p-40473778?boutiqueId=517302&merchantId=112495
38923881,/oblavion/siyah-suni-deri-kadin-kol-canta-1001-p-38923881?boutiqueId=517302&merchantId=112495
41251415,/oblavion/lime-yesil-kolsuz-midi-boy-elbise-p-41251415?boutiqueId=517302&merchantId=112495
40924026,/oblavion/kadin-maya-siyah-kirisik-rugan-babet-p-40924026?boutiqueId=517302&merchantId=112495
37221124,/oblavion/kadin-camel-hakim-yaka-spor-ceket-p-37221124?boutiqueId=517302&merchantId=112495
42468794,/oblavion/kahve-madonna-yaka-mini-elbise-p-42468794?boutiqueId=517302&merchantId=112495
40276088,/oblavion/amber-kadin-siyah-topuklu-ayakkabi-p-40276088?boutiqueId=517302&merchantId=112495
40313683,/oblavion/honor-bej-topuklu-sandalet-p-40313683?boutiqueId=517302&merchantId=112495
43518041,/oblavion/kadin-buz-mavisi-yuksek-bel-kot-sort-p-43518041?boutiqueId=517302&merchantId=112495
43278887,/oblavion/kadin-haki-vatkali-kolsuz-basic-t-shirt-p-43278887?boutiqueId=517302&merchantId=112495
41712921,/oblavion/alice-siyah-sneaker-p-41712921?boutiqueId=517302&merchantId=112495
40477819,/oblavion/navy-puantiyeli-elbise-saten-p-40477819?boutiqueId=517302&merchantId=112495
40313667,/oblavion/judy-siyah-sandal-p-40313667?boutiqueId=517302&merchantId=112495
40223074,/oblavion/eva-rose-babet-p-40223074?boutiqueId=517302&merchantId=112495
32874758,/oblavion/cindy-nude-rugan-kadin-topuklu-ayakkabi-p-32874758?boutiqueId=517302&merchantId=112495
40255354,/oblavion/amber-hardal-kadin-topuklu-ayakkabi-p-40255354?boutiqueId=517302&merchantId=112495
40429255,/oblavion/dream-siyah-loafer-p-40429255?boutiqueId=517302&merchantId=112495
40429197,/oblavion/siyah-hasir-canta-1073-p-40429197?boutiqueId=517302&merchantId=112495
38937797,/oblavion/ahsap-sapli-pudra-kadin-mini-kol-canta-1002-p-38937797?boutiqueId=517302&merchantId=112495
40924477,/oblavion/maya-turuncu-babet-p-40924477?boutiqueId=517302&merchantId=112495
40255935,/oblavion/viola-nude-topuklu-terlik-p-40255935?boutiqueId=517302&merchantId=112495
38924718,/oblavion/kadin-ahsap-sapli-siyah-mini-kol-canta-1002-p-38924718?boutiqueId=517302&merchantId=112495
38923016,/oblavion/beyaz-kadin-canta-1003-p-38923016?boutiqueId=517302&merchantId=112495
40429198,/oblavion/siyah-hasir-canta-1074-p-40429198?boutiqueId=517302&merchantId=112495
38840146,/oblavion/vizon-yan-fermuarli-ceket-p-38840146?boutiqueId=517302&merchantId=112495
38929685,/oblavion/siyah-kroko-desenli-zincirli-kadin-canta-1009-p-38929685?boutiqueId=517302&merchantId=112495
40924012,/oblavion/kadin-maya-koyu-yesil-babet-p-40924012?boutiqueId=517302&merchantId=112495
42365079,/oblavion/lacivert-cizgili-pantolon-etek-p-42365079?boutiqueId=517302&merchantId=112495
40924445,/oblavion/petra-bej-topuklu-ayakkabi-p-40924445?boutiqueId=517302&merchantId=112495
40223912,/oblavion/petra-turuncu-topuklu-ayakkabi-p-40223912?boutiqueId=517302&merchantId=112495
40211647,/oblavion/dream-gold-loafer-p-40211647?boutiqueId=517302&merchantId=112495
32068325,/oblavion/tokyo-pembe-hologram-kadin-sneaker-p-32068325?boutiqueId=517302&merchantId=112495
40313691,/oblavion/judy-nude-sandalet-p-40313691?boutiqueId=517302&merchantId=112495
40313684,/oblavion/amber-yesil-kadin-topuklu-ayakkabi-p-40313684?boutiqueId=517302&merchantId=112495
41251420,/oblavion/bebe-mavi-kolsuz-midi-boy-elbise-p-41251420?boutiqueId=517302&merchantId=112495
40485690,/oblavion/carmen-nude-topuklu-ayakkabi-p-40485690?boutiqueId=517302&merchantId=112495
40239559,/oblavion/sari-topuklu-ayakkabi-p-40239559?boutiqueId=517302&merchantId=112495
40211527,/oblavion/judy-pudra-sandalet-p-40211527?boutiqueId=517302&merchantId=112495
38929742,/oblavion/siyah-fermuar-detayli-kadin-canta-1010-p-38929742?boutiqueId=517302&merchantId=112495
43409986,/oblavion/kadin-renkli-etnik-desen-mini-elbise-p-43409986?boutiqueId=517302&merchantId=112495
40430646,/oblavion/pudra-mini-anvelop-etek-p-40430646?boutiqueId=517302&merchantId=112495
40313680,/oblavion/rosa-bej-topuklu-ayakkabi-p-40313680?boutiqueId=517302&merchantId=112495
40313673,/oblavion/rosa-siyah-topuklu-ayakkabi-p-40313673?boutiqueId=517302&merchantId=112495
38922808,/oblavion/ahsap-sapli-beyaz-kadin-mini-kol-canta-1002-p-38922808?boutiqueId=517302&merchantId=112495
32068336,/oblavion/tokyo-pudra-kadin-sneaker-p-32068336?boutiqueId=517302&merchantId=112495
40274895,/oblavion/kadin-amber-kirmizi-topuklu-ayakkabi-p-40274895?boutiqueId=517302&merchantId=112495
40471850,/oblavion/haki-midi-boy-elbise-cizgili-p-40471850?boutiqueId=517302&merchantId=112495
40313678,/oblavion/gabriela-kirmizi-topuklu-ayakkabi-p-40313678?boutiqueId=517302&merchantId=112495
38924442,/oblavion/lacivert-kroko-desenli-zincirli-kadin-canta-1009-p-38924442?boutiqueId=517302&merchantId=112495
40923961,/oblavion/kadin-carmen-indigo-mavi-topuklu-ayakkabi-p-40923961?boutiqueId=517302&merchantId=112495
40430792,/oblavion/mavi-hasir-canta-1052-p-40430792?boutiqueId=517302&merchantId=112495
40430714,/oblavion/fusya-mini-anvelop-etek-p-40430714?boutiqueId=517302&merchantId=112495
40271628,/oblavion/eva-kadin-babet-siyah-p-40271628?boutiqueId=517302&merchantId=112495
41134092,/oblavion/lenna-gri-kisa-topuk-stiletto-p-41134092?boutiqueId=517302&merchantId=112495
32068330,/oblavion/crunch-siyah-kadin-sneaker-p-32068330?boutiqueId=517302&merchantId=112495
41661286,/oblavion/life-kirmizi-triko-sneaker-p-41661286?boutiqueId=517302&merchantId=112495
40313676,/oblavion/judy-turuncu-sandalet-p-40313676?boutiqueId=517302&merchantId=112495
38922055,/oblavion/nude-kroko-desenli-zincirli-kadin-canta-1009-p-38922055?boutiqueId=517302&merchantId=112495
40212360,/oblavion/gabriela-gri-topuklu-ayakkabi-p-40212360?boutiqueId=517302&merchantId=112495
43353358,/oblavion/kadin-pembe-kapri-kol-acik-ceket-p-43353358?boutiqueId=517302&merchantId=112495
42408242,/oblavion/kadin-lacivert-gold-loafer-p-42408242?boutiqueId=517302&merchantId=112495
40211684,/oblavion/dream-bakir-loafer-p-40211684?boutiqueId=517302&merchantId=112495
38923705,/oblavion/siyah-beyaz-baklava-desenli-canta-1004-p-38923705?boutiqueId=517302&merchantId=112495
41250239,/oblavion/elisa-nude-stiletto-p-41250239?boutiqueId=517302&merchantId=112495
38923134,/oblavion/taba-kadin-canta-1003-p-38923134?boutiqueId=517302&merchantId=112495
40313689,/oblavion/hazel-bej-topuklu-ayakkabi-p-40313689?boutiqueId=517302&merchantId=112495
40313694,/oblavion/hazel-siyah-topuklu-ayakkabi-p-40313694?boutiqueId=517302&merchantId=112495
41251425,/oblavion/nar-cicegi-kolsuz-midi-boy-elbise-p-41251425?boutiqueId=517302&merchantId=112495
40313695,/oblavion/judy-mavi-sandalet-p-40313695?boutiqueId=517302&merchantId=112495
38924620,/oblavion/kadin-bordo-fermuar-detayli-canta-1010-p-38924620?boutiqueId=517302&merchantId=112495
40432230,/oblavion/kadin-dream-hardal-loafer-p-40432230?boutiqueId=517302&merchantId=112495
38923224,/oblavion/bej-suni-deri-kadin-kol-canta-1001-p-38923224?boutiqueId=517302&merchantId=112495
40273279,/oblavion/kadin-barbara-tasli-taba-loafer-babet-p-40273279?boutiqueId=517302&merchantId=112495
32068329,/oblavion/crunch-beyaz-kadin-sneaker-p-32068329?boutiqueId=517302&merchantId=112495
40273340,/oblavion/kadin-oxford-ayakkabi-gia-siyah-p-40273340?boutiqueId=517302&merchantId=112495
38921728,/oblavion/nude-fermuar-detayli-kadin-canta-1010-p-38921728?boutiqueId=517302&merchantId=112495
40273253,/oblavion/kadin-gia-nude-oxford-ayakkabi-p-40273253?boutiqueId=517302&merchantId=112495
40255923,/oblavion/mory-kirmizi-eskitme-toka-detayli-kadin-terlik-p-40255923?boutiqueId=517302&merchantId=112495
40255284,/oblavion/rosa-taba-topuklu-ayakkabi-p-40255284?boutiqueId=517302&merchantId=112495
43727067,/oblavion/kadin-orange-duble-kol-t-shirt-p-43727067?boutiqueId=517302&merchantId=112495
40404618,/oblavion/kadin-siyah-beyaz-sneaker-ayakkabi-p-40404618?boutiqueId=517302&merchantId=112495
32068333,/oblavion/tokyo-turuncu-hologram-kadin-sneaker-p-32068333?boutiqueId=517302&merchantId=112495
32068243,/oblavion/mory-beyaz-eskitme-toka-detayli-kadin-terlik-p-32068243?boutiqueId=517302&merchantId=112495
38923031,/oblavion/hardal-suni-deri-kadin-kol-canta-1001-p-38923031?boutiqueId=517302&merchantId=112495
38921900,/oblavion/taba-kroko-desenli-zincirli-kadin-canta-1009-p-38921900?boutiqueId=517302&merchantId=112495
40313692,/oblavion/queen-siyah-sneaker-p-40313692?boutiqueId=517302&merchantId=112495
40313670,/oblavion/belinda-gri-kadin-sneaker-p-40313670?boutiqueId=517302&merchantId=112495
40276125,/oblavion/kadin-siyah-topuklu-ayakkabi-p-40276125?boutiqueId=517302&merchantId=112495
40262451,/oblavion/kadin-spor-ayakkabi-platin-p-40262451?boutiqueId=517302&merchantId=112495
40262436,/oblavion/kadin-sneaker-crunch-neon-p-40262436?boutiqueId=517302&merchantId=112495
40211661,/oblavion/dream-lacivert-loafer-p-40211661?boutiqueId=517302&merchantId=112495
38922196,/oblavion/taba-suni-deri-kadin-kol-canta-1001-p-38922196?boutiqueId=517302&merchantId=112495
38922624,/oblavion/ahsap-sapli-nude-kadin-mini-kol-canta-1002-p-38922624?boutiqueId=517302&merchantId=112495
40274913,/oblavion/kadin-dove-platin-topuklu-ayakkabi-p-40274913?boutiqueId=517302&merchantId=112495
32068245,/oblavion/mory-siyah-eskitme-toka-detayli-kadin-terlik-p-32068245?boutiqueId=517302&merchantId=112495
40273486,/oblavion/kadin-bebe-mavisi-dream-loafer-ayakkabi-p-40273486?boutiqueId=517302&merchantId=112495
38922290,/oblavion/ahsap-sapli-hardal-kadin-mini-kol-canta-1002-p-38922290?boutiqueId=517302&merchantId=112495
40474045,/oblavion/kadin-beyaz-etegi-buzgulu-gomlek-elbise-p-40474045?boutiqueId=517302&merchantId=112495
40313674,/oblavion/alice-gri-kadin-sneaker-p-40313674?boutiqueId=517302&merchantId=112495
38924082,/oblavion/haki-yan-fermuarli-ceket-p-38924082?boutiqueId=517302&merchantId=112495
38921779,/oblavion/nude-suni-deri-kadin-kol-canta-1001-p-38921779?boutiqueId=517302&merchantId=112495
40429220,/oblavion/dream-nude-loafer-p-40429220?boutiqueId=517302&merchantId=112495
38921597,/oblavion/pudra-fermuar-detayli-kadin-canta-1010-p-38921597?boutiqueId=517302&merchantId=112495
38895770,/oblavion/haki-fermuarli-ceket-p-38895770?boutiqueId=517302&merchantId=112495
38924857,/oblavion/ahsap-sapli-kirmizi-kadin-mini-kol-canta-1002-p-38924857?boutiqueId=517302&merchantId=112495
38922500,/oblavion/kahverengi-cicek-desenli-kadin-canta-1007-p-38922500?boutiqueId=517302&merchantId=112495
38925771,/oblavion/gri-suni-deri-kadin-kol-canta-1001-p-38925771?boutiqueId=517302&merchantId=112495
38924320,/oblavion/hardal-fermuar-detayli-kadin-canta-1010-p-38924320?boutiqueId=517302&merchantId=112495
38921788,/oblavion/kadin-lacivert-fermuar-detayli-canta-1010-p-38921788?boutiqueId=517302&merchantId=112495
32068231,/oblavion/mory-pembe-eskitme-toka-detayli-kadin-terlik-p-32068231?boutiqueId=517302&merchantId=112495
32068228,/oblavion/mory-gri-eskitme-toka-detayli-kadin-terlik-p-32068228?boutiqueId=517302&merchantId=112495
40255436,/oblavion/petra-karamel-topuklu-ayakkabi-p-40255436?boutiqueId=517302&merchantId=112495
38924641,/oblavion/taba-fermuar-detayli-kadin-canta-1010-p-38924641?boutiqueId=517302&merchantId=112495
38922207,/oblavion/pudra-suni-deri-kadin-kol-canta-1001-p-38922207?boutiqueId=517302&merchantId=112495
40313681,/oblavion/lindy-siyah-kadin-spor-ayakkabi-p-40313681?boutiqueId=517302&merchantId=112495
38922106,/oblavion/mor-siyah-cicek-desenli-kadin-canta1007-p-38922106?boutiqueId=517302&merchantId=112495
37129868,/oblavion/kiremit-baharlik-ceket-p-37129868?boutiqueId=517302&merchantId=112495
40273413,/oblavion/kadin-kirmizi-dream-loafer-ayakkabi-p-40273413?boutiqueId=517302&merchantId=112495
43566647,/oblavion/kadin-mavi-zebra-desenli-kol-detayli-gomlek-elbise-p-43566647?boutiqueId=517302&merchantId=112495
43449735,/oblavion/kadin-lacivert-funny-kisa-kol-pijama-takim-p-43449735?boutiqueId=517302&merchantId=112495
43448114,/oblavion/kadin-krem-yirtmacli-v-yaka-t-shirt-p-43448114?boutiqueId=517302&merchantId=112495
43447971,/oblavion/kadin-bordo-yirtmacli-bisiklet-yaka-t-shirt-p-43447971?boutiqueId=517302&merchantId=112495
43423884,/oblavion/kadin-siyah-tek-omuz-bodysuit-p-43423884?boutiqueId=517302&merchantId=112495
43423873,/oblavion/kadin-beyaz-cift-askili-bodysuit-p-43423873?boutiqueId=517302&merchantId=112495
43412245,/oblavion/kadin-haki-yirtmacli-bisiklet-yaka-t-shirt-p-43412245?boutiqueId=517302&merchantId=112495
43410041,/oblavion/kadin-haki-v-yaka-yirtmacli-t-shirt-p-43410041?boutiqueId=517302&merchantId=112495
43409978,/oblavion/kadin-beyaz-yirtmacli-bisiklet-yaka-tshirt-p-43409978?boutiqueId=517302&merchantId=112495
43409894,/oblavion/kadin-sari-mavi-yesil-ekose-desenli-elbise-p-43409894?boutiqueId=517302&merchantId=112495
43409359,/oblavion/sari-yirtmacli-bisiklet-yaka-t-shirt-p-43409359?boutiqueId=517302&merchantId=112495
43373297,/oblavion/kadin-yesil-kapri-kol-ceket-p-43373297?boutiqueId=517302&merchantId=112495
43373276,/oblavion/kadin-taba-kapri-kol-ceket-p-43373276?boutiqueId=517302&merchantId=112495
43373254,/oblavion/kadin-pembe-kapri-kol-ceket-p-43373254?boutiqueId=517302&merchantId=112495
43257716,/oblavion/kadin-nude-kemerli-pantolon-p-43257716?boutiqueId=517302&merchantId=112495
43250791,/oblavion/kadin-ekru-kapri-kol-ceket-p-43250791?boutiqueId=517302&merchantId=112495
43235330,/oblavion/kadin-fume-emprime-desenli-kimono-takim-p-43235330?boutiqueId=517302&merchantId=112495
43177539,/oblavion/maya-mor-babet-p-43177539?boutiqueId=517302&merchantId=112495
43177535,/oblavion/maya-lila-babet-p-43177535?boutiqueId=517302&merchantId=112495
43177530,/oblavion/dream-beyaz-loafer-taba-taban-p-43177530?boutiqueId=517302&merchantId=112495
43177529,/oblavion/life-turuncu-triko-sneaker-p-43177529?boutiqueId=517302&merchantId=112495
42933647,/oblavion/kadin-mavi-iri-cicek-desen-tulum-elbise-zn1005-p-42933647?boutiqueId=517302&merchantId=112495
42933599,/oblavion/kadin-bej-cicek-desenli-yirtmacli-askili-maksi-boy-elbise-p-42933599?boutiqueId=517302&merchantId=112495
42933496,/oblavion/kadin-yesil-desenli-tulum-elbise-p-42933496?boutiqueId=517302&merchantId=112495
42931922,/oblavion/kadin-gumus-maya-babet-p-42931922?boutiqueId=517302&merchantId=112495
42931902,/oblavion/kadin-gold-maya-babet-p-42931902?boutiqueId=517302&merchantId=112495
42931819,/oblavion/kruvaze-yaka-desenli-elbise-p-42931819?boutiqueId=517302&merchantId=112495
42931818,/oblavion/kadin-kirmizi-mavi-tasli-sandalet-p-42931818?boutiqueId=517302&merchantId=112495
42931812,/oblavion/kadin-lacivert-galia-hakiki-deri-dolgu-topuklu-ayakkabi-p-42931812?boutiqueId=517302&merchantId=112495
42931795,/oblavion/kirmizi-salas-gomlek-elbise-p-42931795?boutiqueId=517302&merchantId=112495
42931792,/oblavion/kadin-turuncu-askili-piliseli-elbise-p-42931792?boutiqueId=517302&merchantId=112495
42931553,/oblavion/kadin-fusya-askili-piliseli-elbise-p-42931553?boutiqueId=517302&merchantId=112495
42931474,/oblavion/kadin-yesil-tek-omuz-midi-boy-elbise-p-42931474?boutiqueId=517302&merchantId=112495
42931409,/oblavion/kadin-nar-cicegi-panda-kisa-kol-pijama-takim-p-42931409?boutiqueId=517302&merchantId=112495
42925963,/oblavion/kadin-siyah-orta-kalin-topuklu-ayakkabi-p-42925963?boutiqueId=517302&merchantId=112495
42913926,/oblavion/kadin-tunik-indigo-gomlek-p-42913926?boutiqueId=517302&merchantId=112495
42883798,/oblavion/kadin-bebe-mavi-pantolon-bluz-takim-p-42883798?boutiqueId=517302&merchantId=112495
42509792,/oblavion/camel-salas-gomlek-elbise-p-42509792?boutiqueId=517302&merchantId=112495
42472511,/oblavion/beyaz-mavi-desenli-kusakli-mini-elbise-p-42472511?boutiqueId=517302&merchantId=112495
42468829,/oblavion/beyaz-nar-cicegi-desenli-kusakli-mini-elbise-p-42468829?boutiqueId=517302&merchantId=112495
42408255,/oblavion/kadin-bej-kirisik-rugan-babet-p-42408255?boutiqueId=517302&merchantId=112495
42408224,/oblavion/kadin-bebe-mavisi-loafer-p-42408224?boutiqueId=517302&merchantId=112495
42408212,/oblavion/kadin-siyah-agata-babet-p-42408212?boutiqueId=517302&merchantId=112495
42257859,/oblavion/kahverengi-saten-elbise-p-42257859?boutiqueId=517302&merchantId=112495
42252950,/oblavion/mega-siyah-spor-ayakkabi-p-42252950?boutiqueId=517302&merchantId=112495
42251248,/oblavion/elisa-nude-rugan-stiletto-p-42251248?boutiqueId=517302&merchantId=112495
41889709,/oblavion/garcia-nude-topuklu-ayakkabi-p-41889709?boutiqueId=517302&merchantId=112495
41253128,/oblavion/elisa-kirmizi-stiletto-p-41253128?boutiqueId=517302&merchantId=112495
41134096,/oblavion/lenna-siyah-kisa-topuk-stiletto-p-41134096?boutiqueId=517302&merchantId=112495
40477799,/oblavion/siyah-pileli-kemerli-elbise-p-40477799?boutiqueId=517302&merchantId=112495
40430779,/oblavion/kadin-mars-silver-sandalet-p-40430779?boutiqueId=517302&merchantId=112495
40429165,/oblavion/camel-hasir-canta-1070-p-40429165?boutiqueId=517302&merchantId=112495
40404641,/oblavion/queen-puella-kadin-leopar-detayli-sneaker-ayakkabi-p-40404641?boutiqueId=517302&merchantId=112495
40313682,/oblavion/queen-gumus-kadin-sneaker-p-40313682?boutiqueId=517302&merchantId=112495
40313675,/oblavion/gabriela-siyah-topuklu-ayakkabi-p-40313675?boutiqueId=517302&merchantId=112495
40273364,/oblavion/kadin-jess-platin-babet-p-40273364?boutiqueId=517302&merchantId=112495
40271649,/oblavion/petra-kadin-topuklu-ayakkabi-p-40271649?boutiqueId=517302&merchantId=112495
40271640,/oblavion/kadin-babet-p-40271640?boutiqueId=517302&merchantId=112495
40271594,/oblavion/kadin-babet-p-40271594?boutiqueId=517302&merchantId=112495
40262393,/oblavion/kadin-sneaker-belinda-nude-p-40262393?boutiqueId=517302&merchantId=112495
40211816,/oblavion/dream-fusya-pembe-loafer-p-40211816?boutiqueId=517302&merchantId=112495
43451610,/oblavion/kadin-siyah-yildiz-haritasi-baskili-t-shirt-p-43451610?boutiqueId=517302&merchantId=112495
43300103,/oblavion/kadin-lacivert-yirtmacli-v-yaka-t-shirt-p-43300103?boutiqueId=517302&merchantId=112495
43299901,/oblavion/kadin-turuncu-yirtmacli-v-yaka-t-shirt-p-43299901?boutiqueId=517302&merchantId=112495
43299760,/oblavion/kadin-beyaz-duble-kol-t-shirt-p-43299760?boutiqueId=517302&merchantId=112495
43299555,/oblavion/kadin-pudra-pembe-yirtmacli-bisiklet-yaka-t-shirt-p-43299555?boutiqueId=517302&merchantId=112495
43299541,/oblavion/kadin-fusya-neon-duble-kol-tshirt-p-43299541?boutiqueId=517302&merchantId=112495
43299353,/oblavion/kadin-fume-v-yaka-yirtmacli-t-shirt-p-43299353?boutiqueId=517302&merchantId=112495
43299307,/oblavion/kadin-pudra-pembe-yirtmacli-v-yaka-t-shirt-p-43299307?boutiqueId=517302&merchantId=112495
43299286,/oblavion/kadin-nar-cicegi-yirtmacli-bisiklet-yaka-t-shirt-p-43299286?boutiqueId=517302&merchantId=112495
43299043,/oblavion/kadin-neon-yesil-duble-kol-t-shirt-p-43299043?boutiqueId=517302&merchantId=112495
43299008,/oblavion/kadin-mavi-yirtmacli-bisiklet-yaka-t-shirt-p-43299008?boutiqueId=517302&merchantId=112495
43278972,/oblavion/kadin-beyaz-yildiz-haritasi-baskili-t-shirt-p-43278972?boutiqueId=517302&merchantId=112495
43278910,/oblavion/kadin-pembe-yirtmacli-bisiklet-yaka-tshirt-p-43278910?boutiqueId=517302&merchantId=112495
43278847,/oblavion/kadin-pembe-v-yaka-yirtmacli-t-shirt-p-43278847?boutiqueId=517302&merchantId=112495
43278754,/oblavion/kadin-gri-kisa-kol-pijama-takim-p-43278754?boutiqueId=517302&merchantId=112495
43276392,/oblavion/kirmizi-yirtmacli-bisiklet-yaka-t-shirt-p-43276392?boutiqueId=517302&merchantId=112495
43257037,/oblavion/kadin-bej-tunik-gomlek-p-43257037?boutiqueId=517302&merchantId=112495
